#x_m,y_m,w_tr_right_m,w_tr_left_m
-39.03103769831466,26.499095375461707,0.9856080405005891,1.0737097890017715
-39.09353769831466,26.436595375461707,1.0322063340164078,1.0206906325745548
-39.34353769831466,26.436595375461707,1.0013015186830392,1.0811388300841898
-39.40603769831466,26.374095375461707,1.0436361294035585,1.0322063340164078
-39.53103769831466,26.374095375461707,1.0026019100214134,1.0625
-39.59353769831466,26.311595375461707,1.0436361294035585,1.0219744577357401
-39.65603769831466,26.311595375461707,1.0219744577357401,1.0436361294035585
-39.71853769831466,26.249095375461707,1.0625,1.0103807466993215
-39.84353769831466,26.249095375461707,1.0103807466993215,1.0662455107677085
-39.90603769831466,26.186595375461707,1.0372967345311055,1.0372967345311055
-39.96853769831466,26.186595375461707,1.0103807466993215,1.0662455107677085
-40.09353769831466,26.061595375461707,1.0436361294035585,1.0103807466993215
-40.15603769831466,26.061595375461707,1.011673327805978,1.0372967345311055
-40.21853769831466,25.999095375461707,1.0372967345311055,1.011673327805978
-40.28103769831466,25.999095375461707,1.0103807466993215,1.0436361294035585
-40.34353769831466,25.936595375461707,1.0258194519667128,1.0258194519667128
-40.40603769831466,25.936595375461707,0.9908575552345704,1.0625
-40.96853769831466,25.374095375461707,0.9908575552345704,1.0625
-40.96853769831466,25.311595375461707,1.0258194519667128,1.0258194519667128
-41.21853769831466,25.061595375461707,1.0026019100214134,1.0625
-41.21853769831466,24.999095375461707,1.0467960838455728,1.0258194519667128
-41.46853769831466,24.749095375461707,1.0467960838455728,1.0258194519667128
-41.53103769831466,24.749095375461707,1.0026019100214134,1.0625
-41.78103769831466,24.499095375461707,1.0258194519667128,1.0258194519667128
-41.84353769831466,24.499095375461707,0.9908575552345704,1.0625
-42.09353769831466,24.249095375461707,1.0258194519667128,1.0129648046137756
-42.15603769831466,24.249095375461707,0.9908575552345704,1.0524677935467777
-42.28103769831466,24.124095375461707,1.0258194519667128,1.0258194519667128
-42.34353769831466,24.124095375461707,0.9908575552345704,1.0625
-42.46853769831466,23.999095375461707,1.0372967345311055,1.011673327805978
-42.53103769831466,23.999095375461707,1.0103807466993215,1.0436361294035585
-42.59353769831466,23.936595375461707,1.0258194519667128,1.0258194519667128
-42.65603769831466,23.936595375461707,0.9908575552345704,1.0625
-42.78103769831466,23.811595375461707,1.0372967345311055,1.0103807466993215
-42.84353769831466,23.811595375461707,1.0103807466993215,1.0372967345311055
-42.90603769831466,23.749095375461707,1.0372967345311055,1.011673327805978
-42.96853769831466,23.749095375461707,1.0103807466993215,1.0436361294035585
-43.03103769831466,23.686595375461707,1.0372967345311055,1.0258194519667128
-43.09353769831466,23.686595375461707,1.0103807466993215,1.0625
-43.15603769831466,23.624095375461707,1.0372967345311055,1.0372967345311055
-43.21853769831466,23.624095375461707,1.0103807466993215,1.0625
-43.28103769831466,23.561595375461707,1.0372967345311055,1.0219744577357401
-43.34353769831466,23.561595375461707,1.0103807466993215,1.0436361294035585
-43.40603769831466,23.499095375461707,1.0372967345311055,1.0103807466993215
-43.46853769831466,23.499095375461707,1.0103807466993215,1.0372967345311055
-43.53103769831466,23.436595375461707,1.0372967345311055,1.0103807466993215
-43.59353769831466,23.436595375461707,1.0103807466993215,1.0372967345311055
-43.65603769831466,23.374095375461707,1.0436361294035585,1.0103807466993215
-43.71853769831466,23.374095375461707,1.0219744577357401,1.0372967345311055
-43.78103769831466,23.311595375461707,1.0625,1.0026019100214134
-43.90603769831466,23.311595375461707,1.0103807466993215,1.0436361294035585
-43.96853769831466,23.249095375461707,1.0436361294035585,1.0103807466993215
-44.03103769831466,23.249095375461707,1.0219744577357401,1.0372967345311055
-44.09353769831466,23.186595375461707,1.0625,1.0026019100214134
-44.21853769831466,23.186595375461707,1.0103807466993215,1.0436361294035585
-44.28103769831466,23.124095375461707,1.0436361294035585,1.0026019100214134
-44.40603769831466,23.124095375461707,1.0026019100214134,1.0436361294035585
-44.46853769831466,23.061595375461707,1.0436361294035585,1.0026019100214134
-44.59353769831466,23.061595375461707,1.0026019100214134,1.0436361294035585
-44.65603769831466,22.999095375461707,1.0436361294035585,1.0026019100214134
-44.78103769831466,22.999095375461707,1.0026019100214134,1.0436361294035585
-44.84353769831466,22.936595375461707,1.0436361294035585,1.0026019100214134
-45.03103769831466,22.936595375461707,0.9856080405005891,1.0625
-45.09353769831466,22.874095375461707,1.0322063340164078,1.0206906325745548
-45.21853769831466,22.874095375461707,1.0026019100214134,1.0461646096066226
-45.28103769831466,22.811595375461707,1.0436361294035585,1.0026019100214134
-45.46853769831466,22.811595375461707,0.9856080405005891,1.0625
-45.53103769831466,22.749095375461707,1.0322063340164078,1.0206906325745548
-45.71853769831466,22.749095375461707,0.9856080405005891,1.0625
-45.78103769831466,22.686595375461707,1.0322063340164078,1.0206906325745548
-46.03103769831466,22.686595375461707,0.9856080405005891,1.0737097890017715
-46.09353769831466,22.624095375461707,1.0322063340164078,1.0206906325745548
-46.34353769831466,22.624095375461707,0.9710752869924775,1.0737097890017715
-46.40603769831466,22.561595375461707,1.0206906325745548,1.0206906325745548
-46.65603769831466,22.561595375461707,0.9710752869924775,1.0737097890017715
-46.71853769831466,22.499095375461707,1.0206906325745548,1.0206906325745548
-46.96853769831466,22.499095375461707,1.0,1.0737097890017715
-47.03103769831466,22.436595375461707,1.0461646096066226,1.0206906325745548
-47.21853769831466,22.436595375461707,1.011673327805978,1.0625
-47.28103769831466,22.374095375461707,1.0625,1.0219744577357401
-47.34353769831466,22.374095375461707,1.0372967345311055,1.0436361294035585
-47.40603769831466,22.311595375461707,1.0662455107677085,1.0103807466993215
-47.53103769831466,22.311595375461707,1.0103807466993215,1.0662455107677085
-47.59353769831466,22.249095375461707,1.0372967345311055,1.0372967345311055
-47.65603769831466,22.249095375461707,1.0103807466993215,1.0662455107677085
-47.78103769831466,22.124095375461707,1.0467960838455728,1.0258194519667128
-47.84353769831466,22.124095375461707,1.0026019100214134,1.0625
-48.21853769831466,21.749095375461707,1.0026019100214134,1.0625
-48.21853769831466,21.686595375461707,1.0372967345311055,1.0258194519667128
-48.28103769831466,21.624095375461707,1.0103807466993215,1.0436361294035585
-48.28103769831466,21.561595375461707,1.0372967345311055,1.011673327805978
-48.34353769831466,21.499095375461707,1.0103807466993215,1.0372967345311055
-48.34353769831466,21.436595375461707,1.0372967345311055,1.0103807466993215
-48.40603769831466,21.374095375461707,1.0103807466993215,1.0436361294035585
-48.40603769831466,21.249095375461707,1.0662455107677085,1.0026019100214134
-48.46853769831466,21.186595375461707,1.0206906325745548,1.0461646096066226
-48.46853769831466,21.061595375461707,1.0461646096066226,1.0206906325745548
-48.53103769831466,20.999095375461707,1.0026019100214134,1.0737097890017715
-48.53103769831466,19.874095375461707,0.9710752869924775,1.0737097890017715
-48.46853769831466,19.811595375461707,1.0206906325745548,1.0206906325745548
-48.46853769831466,19.624095375461707,1.0013015186830392,1.0625
-48.40603769831466,19.561595375461707,1.0436361294035585,1.0206906325745548
-48.40603769831466,19.374095375461707,0.9856080405005891,1.0625
-48.34353769831466,19.311595375461707,1.0322063340164078,1.0219744577357401
-48.34353769831466,19.186595375461707,1.0026019100214134,1.0625
-48.28103769831466,19.124095375461707,1.0436361294035585,1.0219744577357401
-48.28103769831466,18.999095375461707,1.0026019100214134,1.0625
-48.21853769831466,18.936595375461707,1.0436361294035585,1.0219744577357401
-48.21853769831466,18.874095375461707,1.0219744577357401,1.0436361294035585
-48.15603769831466,18.811595375461707,1.0625,1.0026019100214134
-48.15603769831466,18.686595375461707,1.0103807466993215,1.0436361294035585
-48.09353769831466,18.624095375461707,1.0436361294035585,1.0026019100214134
-48.09353769831466,18.499095375461707,1.0026019100214134,1.0436361294035585
-48.03103769831466,18.436595375461707,1.0372967345311055,1.0103807466993215
-48.03103769831466,18.374095375461707,1.0103807466993215,1.0372967345311055
-47.96853769831466,18.311595375461707,1.0436361294035585,1.0026019100214134
-47.96853769831466,18.186595375461707,1.0026019100214134,1.0436361294035585
-47.90603769831466,18.124095375461707,1.0372967345311055,1.0103807466993215
-47.90603769831466,18.061595375461707,1.0103807466993215,1.0372967345311055
-47.84353769831466,17.999095375461707,1.0372967345311055,1.0103807466993215
-47.84353769831466,17.936595375461707,1.0103807466993215,1.0372967345311055
-47.78103769831466,17.874095375461707,1.0436361294035585,1.0103807466993215
-47.78103769831466,17.811595375461707,1.0219744577357401,1.0372967345311055
-47.71853769831466,17.749095375461707,1.0625,1.0026019100214134
-47.71853769831466,17.624095375461707,1.0103807466993215,1.0436361294035585
-47.65603769831466,17.561595375461707,1.0372967345311055,1.0103807466993215
-47.65603769831466,17.499095375461707,1.0103807466993215,1.0372967345311055
-47.59353769831466,17.436595375461707,1.0372967345311055,1.0103807466993215
-47.59353769831466,17.374095375461707,1.0103807466993215,1.0372967345311055
-47.53103769831466,17.311595375461707,1.0372967345311055,1.0103807466993215
-47.53103769831466,17.249095375461707,1.0103807466993215,1.0372967345311055
-47.46853769831466,17.186595375461707,1.0372967345311055,1.0103807466993215
-47.46853769831466,17.124095375461707,1.0103807466993215,1.0372967345311055
-47.40603769831466,17.061595375461707,1.0372967345311055,1.0103807466993215
-47.40603769831466,16.999095375461707,1.0103807466993215,1.0372967345311055
-47.34353769831466,16.936595375461707,1.0372967345311055,1.0103807466993215
-47.34353769831466,16.874095375461707,1.0103807466993215,1.0372967345311055
-47.28103769831466,16.811595375461707,1.0372967345311055,1.0103807466993215
-47.28103769831466,16.749095375461707,1.0103807466993215,1.0372967345311055
-47.21853769831466,16.686595375461707,1.0372967345311055,1.0103807466993215
-47.21853769831466,16.624095375461707,1.0103807466993215,1.0372967345311055
-47.15603769831466,16.561595375461707,1.0372967345311055,1.0103807466993215
-47.15603769831466,16.499095375461707,1.0103807466993215,1.0372967345311055
-47.09353769831466,16.436595375461707,1.0372967345311055,1.0103807466993215
-47.09353769831466,16.374095375461707,1.0103807466993215,1.0372967345311055
-47.03103769831466,16.311595375461707,1.0372967345311055,1.0103807466993215
-47.03103769831466,16.249095375461707,1.0103807466993215,1.0372967345311055
-46.96853769831466,16.186595375461707,1.0372967345311055,1.0103807466993215
-46.96853769831466,16.124095375461707,1.0103807466993215,1.0372967345311055
-46.90603769831466,16.061595375461707,1.0372967345311055,1.011673327805978
-46.90603769831466,15.999095375461707,1.0103807466993215,1.0436361294035585
-46.84353769831466,15.936595375461707,1.0372967345311055,1.0258194519667128
-46.84353769831466,15.874095375461707,1.0103807466993215,1.0625
-46.78103769831466,15.811595375461707,1.0372967345311055,1.0372967345311055
-46.78103769831466,15.749095375461707,1.0103807466993215,1.0662455107677085
-46.71853769831466,15.686595375461707,1.0372967345311055,1.0372967345311055
-46.71853769831466,15.624095375461707,1.0103807466993215,1.0662455107677085
-46.59353769831466,15.499095375461707,1.0436361294035585,1.0103807466993215
-46.59353769831466,15.436595375461707,1.011673327805978,1.0372967345311055
-46.53103769831466,15.374095375461707,1.0372967345311055,1.0103807466993215
-46.53103769831466,15.311595375461707,1.0103807466993215,1.0372967345311055
-46.46853769831466,15.249095375461707,1.0372967345311055,1.011673327805978
-46.46853769831466,15.186595375461707,1.0103807466993215,1.0436361294035585
-46.40603769831466,15.124095375461707,1.0372967345311055,1.0258194519667128
-46.40603769831466,15.061595375461707,1.0103807466993215,1.0625
-46.34353769831466,14.999095375461707,1.0372967345311055,1.0372967345311055
-46.34353769831466,14.936595375461707,1.0103807466993215,1.0662455107677085
-46.21853769831466,14.811595375461707,1.0436361294035585,1.0103807466993215
-46.21853769831466,14.749095375461707,1.011673327805978,1.0372967345311055
-46.15603769831466,14.686595375461707,1.0372967345311055,1.0103807466993215
-46.15603769831466,14.624095375461707,1.0103807466993215,1.0372967345311055
-46.09353769831466,14.561595375461707,1.0372967345311055,1.011673327805978
-46.09353769831466,14.499095375461707,1.0103807466993215,1.0436361294035585
-46.03103769831466,14.436595375461707,1.0372967345311055,1.0258194519667128
-46.03103769831466,14.374095375461707,1.0103807466993215,1.0625
-45.90603769831466,14.249095375461707,1.0436361294035585,1.0103807466993215
-45.90603769831466,14.186595375461707,1.011673327805978,1.0372967345311055
-45.84353769831466,14.124095375461707,1.0372967345311055,1.011673327805978
-45.84353769831466,14.061595375461707,1.0103807466993215,1.0436361294035585
-45.78103769831466,13.999095375461707,1.0372967345311055,1.0258194519667128
-45.78103769831466,13.936595375461707,1.0103807466993215,1.0625
-45.65603769831466,13.811595375461707,1.0436361294035585,1.0103807466993215
-45.65603769831466,13.749095375461707,1.011673327805978,1.0372967345311055
-45.59353769831466,13.686595375461707,1.0372967345311055,1.0103807466993215
-45.59353769831466,13.624095375461707,1.0103807466993215,1.0372967345311055
-45.53103769831466,13.561595375461707,1.0372967345311055,1.011673327805978
-45.53103769831466,13.499095375461707,1.0103807466993215,1.0436361294035585
-45.46853769831466,13.436595375461707,1.0258194519667128,1.0258194519667128
-45.46853769831466,13.374095375461707,0.9908575552345704,1.0625
-45.34353769831466,13.249095375461707,1.0372967345311055,1.011673327805978
-45.34353769831466,13.186595375461707,1.0103807466993215,1.0436361294035585
-45.28103769831466,13.124095375461707,1.0372967345311055,1.0258194519667128
-45.28103769831466,13.061595375461707,1.0103807466993215,1.0625
-45.15603769831466,12.936595375461707,1.0436361294035585,1.0103807466993215
-45.15603769831466,12.874095375461707,1.011673327805978,1.0372967345311055
-45.09353769831466,12.811595375461707,1.0372967345311055,1.011673327805978
-45.09353769831466,12.749095375461707,1.0103807466993215,1.0436361294035585
-45.03103769831466,12.686595375461707,1.0258194519667128,1.0258194519667128
-45.03103769831466,12.624095375461707,0.9908575552345704,1.0625
-44.90603769831466,12.499095375461707,1.0372967345311055,1.0103807466993215
-44.90603769831466,12.436595375461707,1.0103807466993215,1.0372967345311055
-44.84353769831466,12.374095375461707,1.0372967345311055,1.011673327805978
-44.84353769831466,12.311595375461707,1.0103807466993215,1.0436361294035585
-44.78103769831466,12.249095375461707,1.0258194519667128,1.0258194519667128
-44.78103769831466,12.186595375461707,0.9908575552345704,1.0625
-44.65603769831466,12.061595375461707,1.0372967345311055,1.011673327805978
-44.65603769831466,11.999095375461707,1.0103807466993215,1.0436361294035585
-44.59353769831466,11.936595375461707,1.0258194519667128,1.0258194519667128
-44.59353769831466,11.874095375461707,0.9908575552345704,1.0625
-44.46853769831466,11.749095375461707,1.0372967345311055,1.011673327805978
-44.46853769831466,11.686595375461707,1.0103807466993215,1.0436361294035585
-44.40603769831466,11.624095375461707,1.0258194519667128,1.0258194519667128
-44.40603769831466,11.561595375461707,0.9908575552345704,1.0625
-44.28103769831466,11.436595375461707,1.0372967345311055,1.011673327805978
-44.28103769831466,11.374095375461707,1.0103807466993215,1.0436361294035585
-44.21853769831466,11.311595375461707,1.0372967345311055,1.0258194519667128
-44.21853769831466,11.249095375461707,1.0103807466993215,1.0625
-44.15603769831466,11.186595375461707,1.0372967345311055,1.0372967345311055
-44.15603769831466,11.124095375461707,1.0103807466993215,1.0662455107677085
-44.09353769831466,11.061595375461707,1.0372967345311055,1.0372967345311055
-44.09353769831466,10.999095375461707,1.0103807466993215,1.0662455107677085
-44.03103769831466,10.936595375461707,1.0436361294035585,1.0322063340164078
-44.03103769831466,10.811595375461707,1.0026019100214134,1.0625
-43.96853769831466,10.749095375461707,1.0461646096066226,1.0206906325745548
-43.96853769831466,9.874095375461707,1.0461646096066226,1.0322063340164078
-44.03103769831466,9.811595375461707,1.0026019100214134,1.0674920254980567
-44.03103769831466,9.686595375461707,1.0436361294035585,1.0219744577357401
-44.09353769831466,9.624095375461707,1.0103807466993215,1.0625
-44.09353769831466,9.561595375461707,1.0372967345311055,1.0372967345311055
-44.15603769831466,9.499095375461707,1.0103807466993215,1.0662455107677085
-44.15603769831466,9.436595375461707,1.0372967345311055,1.0372967345311055
-44.21853769831466,9.374095375461707,1.011673327805978,1.0625
-44.21853769831466,9.311595375461707,1.0436361294035585,1.0258194519667128
-44.71853769831466,8.811595375461707,1.0258194519667128,1.0258194519667128
-44.78103769831466,8.811595375461707,0.9908575552345704,1.0625
-44.90603769831466,8.686595375461707,1.0372967345311055,1.0258194519667128
-44.96853769831466,8.686595375461707,1.0103807466993215,1.0625
-45.03103769831466,8.624095375461707,1.0436361294035585,1.0219744577357401
-45.15603769831466,8.624095375461707,1.0026019100214134,1.0625
-45.21853769831466,8.561595375461707,1.0436361294035585,1.0206906325745548
-45.40603769831466,8.561595375461707,0.9856080405005891,1.0625
-45.46853769831466,8.499095375461707,1.0322063340164078,1.0219744577357401
-46.09353769831466,8.499095375461707,1.0,1.1068700165228051
-46.15603769831466,8.436595375461707,1.0625,1.0625
-46.21853769831466,8.436595375461707,1.0625,1.0625
-46.28103769831466,8.499095375461707,1.0,1.1068700165228051
-46.96853769831466,8.499095375461707,1.0,1.0823736126465204
-47.03103769831466,8.436595375461707,1.0461646096066226,1.0322063340164078
-47.46853769831466,8.436595375461707,0.9856080405005891,1.0737097890017715
-47.53103769831466,8.374095375461707,1.0322063340164078,1.0206906325745548
-47.78103769831466,8.374095375461707,0.9856080405005891,1.0737097890017715
-47.84353769831466,8.311595375461707,1.0322063340164078,1.0206906325745548
-47.96853769831466,8.311595375461707,1.0026019100214134,1.0461646096066226
-48.03103769831466,8.249095375461707,1.0436361294035585,1.0026019100214134
-48.21853769831466,8.249095375461707,0.9856080405005891,1.0625
-48.28103769831466,8.186595375461707,1.0322063340164078,1.0219744577357401
-48.34353769831466,8.186595375461707,1.0206906325745548,1.0436361294035585
-48.40603769831466,8.124095375461707,1.0625,1.0026019100214134
-48.53103769831466,8.124095375461707,1.0103807466993215,1.0436361294035585
-48.59353769831466,8.061595375461707,1.0436361294035585,1.0103807466993215
-48.65603769831466,8.061595375461707,1.0219744577357401,1.0372967345311055
-48.71853769831466,7.999095375461707,1.0625,1.0026019100214134
-48.84353769831466,7.999095375461707,1.0103807466993215,1.0436361294035585
-48.90603769831466,7.936595375461707,1.0372967345311055,1.0103807466993215
-48.96853769831466,7.936595375461707,1.0103807466993215,1.0372967345311055
-49.03103769831466,7.874095375461707,1.0372967345311055,1.0103807466993215
-49.09353769831466,7.874095375461707,1.0103807466993215,1.0372967345311055
-49.15603769831466,7.811595375461707,1.0372967345311055,1.0103807466993215
-49.21853769831466,7.811595375461707,1.0103807466993215,1.0372967345311055
-49.28103769831466,7.749095375461707,1.0372967345311055,1.011673327805978
-49.34353769831466,7.749095375461707,1.0103807466993215,1.0436361294035585
-49.40603769831466,7.686595375461707,1.0258194519667128,1.0258194519667128
-49.46853769831466,7.686595375461707,0.9908575552345704,1.0625
-49.59353769831466,7.561595375461707,1.0258194519667128,1.0258194519667128
-49.65603769831466,7.561595375461707,0.9908575552345704,1.0625
-49.78103769831466,7.436595375461707,1.0258194519667128,1.0258194519667128
-49.84353769831466,7.436595375461707,0.9908575552345704,1.0625
-50.03103769831466,7.249095375461707,1.0436361294035585,1.0258194519667128
-50.09353769831466,7.249095375461707,1.0026019100214134,1.0625
-50.90603769831466,6.436595375461707,0.9908575552345704,1.0625
-50.90603769831466,6.374095375461707,1.0258194519667128,1.0258194519667128
-51.09353769831466,6.186595375461707,0.9908575552345704,1.0625
-51.09353769831466,6.124095375461707,1.0258194519667128,1.0258194519667128
-51.15603769831466,6.061595375461707,1.0103807466993215,1.0436361294035585
-51.15603769831466,5.999095375461707,1.0372967345311055,1.011673327805978
-51.28103769831466,5.874095375461707,0.9908575552345704,1.0625
-51.28103769831466,5.811595375461707,1.0258194519667128,1.0258194519667128
-51.34353769831466,5.749095375461707,1.0103807466993215,1.0436361294035585
-51.34353769831466,5.686595375461707,1.0372967345311055,1.011673327805978
-51.40603769831466,5.624095375461707,1.0103807466993215,1.0372967345311055
-51.40603769831466,5.561595375461707,1.0372967345311055,1.0103807466993215
-51.46853769831466,5.499095375461707,1.0103807466993215,1.0372967345311055
-51.46853769831466,5.436595375461707,1.0372967345311055,1.0103807466993215
-51.53103769831466,5.374095375461707,1.0103807466993215,1.0436361294035585
-51.53103769831466,5.249095375461707,1.0625,1.0026019100214134
-51.59353769831466,5.186595375461707,1.0219744577357401,1.0372967345311055
-51.59353769831466,5.124095375461707,1.0436361294035585,1.0103807466993215
-51.65603769831466,5.061595375461707,1.0026019100214134,1.0436361294035585
-51.65603769831466,4.936595375461707,1.0436361294035585,1.0026019100214134
-51.71853769831466,4.874095375461707,1.0026019100214134,1.0436361294035585
-51.71853769831466,4.749095375461707,1.0436361294035585,1.0026019100214134
-51.78103769831466,4.686595375461707,1.0026019100214134,1.0461646096066226
-51.78103769831466,4.561595375461707,1.0322063340164078,1.0206906325745548
-51.84353769831466,4.499095375461707,0.9856080405005891,1.0737097890017715
-51.84353769831466,4.249095375461707,1.0206906325745548,1.0206906325745548
-51.90603769831466,4.186595375461707,0.9710752869924775,1.0737097890017715
-51.90603769831466,3.6240953754617067,1.0461646096066226,1.0206906325745548
-51.96853769831466,3.5615953754617067,1.0,1.0737097890017715
-51.96853769831466,2.5615953754617067,1.0,1.0934435979977453
-51.90603769831466,2.4990953754617067,1.0625,1.0461646096066226
-51.90603769831466,1.7490953754617067,0.9856080405005891,1.0737097890017715
-51.84353769831466,1.6865953754617067,1.0322063340164078,1.0206906325745548
-51.84353769831466,1.1865953754617067,0.9710752869924775,1.0737097890017715
-51.78103769831466,1.1240953754617067,1.0206906325745548,1.0206906325745548
-51.78103769831466,0.7490953754617067,0.9710752869924775,1.0737097890017715
-51.71853769831466,0.6865953754617067,1.0206906325745548,1.0206906325745548
-51.71853769831466,0.3740953754617067,0.9710752869924775,1.0737097890017715
-51.65603769831466,0.3115953754617067,1.0206906325745548,1.0206906325745548
-51.65603769831466,-0.0009046245382933193,0.9710752869924775,1.0737097890017715
-51.59353769831466,-0.06340462453829332,1.0206906325745548,1.0206906325745548
-51.59353769831466,-0.3134046245382933,0.9856080405005891,1.0737097890017715
-51.53103769831466,-0.3759046245382933,1.0322063340164078,1.0206906325745548
-51.53103769831466,-0.6259046245382933,0.9856080405005891,1.0737097890017715
-51.46853769831466,-0.6884046245382933,1.0322063340164078,1.0206906325745548
-51.46853769831466,-0.9384046245382933,0.9856080405005891,1.0737097890017715
-51.40603769831466,-1.0009046245382933,1.0322063340164078,1.0206906325745548
-51.40603769831466,-1.2509046245382933,0.9856080405005891,1.0737097890017715
-51.34353769831466,-1.3134046245382933,1.0322063340164078,1.0206906325745548
-51.34353769831466,-1.5634046245382933,0.9710752869924775,1.0737097890017715
-51.28103769831466,-1.6259046245382933,1.0206906325745548,1.0206906325745548
-51.28103769831466,-1.8134046245382933,0.9856080405005891,1.0625
-51.21853769831466,-1.8759046245382933,1.0322063340164078,1.0206906325745548
-51.21853769831466,-2.0634046245382933,0.9856080405005891,1.0625
-51.15603769831466,-2.1259046245382933,1.0322063340164078,1.0206906325745548
-51.15603769831466,-2.3134046245382933,0.9856080405005891,1.0625
-51.09353769831466,-2.3759046245382933,1.0322063340164078,1.0206906325745548
-51.09353769831466,-2.5634046245382933,0.9856080405005891,1.0625
-51.03103769831466,-2.6259046245382933,1.0322063340164078,1.0206906325745548
-51.03103769831466,-2.8134046245382933,1.0026019100214134,1.0625
-50.96853769831466,-2.8759046245382933,1.0461646096066226,1.0206906325745548
-50.96853769831466,-3.0634046245382933,1.0026019100214134,1.0625
-50.90603769831466,-3.1259046245382933,1.0461646096066226,1.0206906325745548
-50.90603769831466,-3.3134046245382933,1.0026019100214134,1.0625
-50.84353769831466,-3.3759046245382933,1.0436361294035585,1.0206906325745548
-50.84353769831466,-3.5634046245382933,0.9856080405005891,1.0625
-50.78103769831466,-3.6259046245382933,1.0322063340164078,1.0206906325745548
-50.78103769831466,-3.8134046245382933,0.9856080405005891,1.0625
-50.71853769831466,-3.8759046245382933,1.0322063340164078,1.0219744577357401
-50.71853769831466,-4.000904624538293,1.0026019100214134,1.0625
-50.65603769831466,-4.063404624538293,1.0436361294035585,1.0206906325745548
-50.65603769831466,-4.250904624538293,0.9856080405005891,1.0625
-50.59353769831466,-4.313404624538293,1.0322063340164078,1.0206906325745548
-50.59353769831466,-4.438404624538293,1.0026019100214134,1.0461646096066226
-50.53103769831466,-4.500904624538293,1.0436361294035585,1.0026019100214134
-50.53103769831466,-4.688404624538293,0.9856080405005891,1.0625
-50.46853769831466,-4.750904624538293,1.0322063340164078,1.0219744577357401
-50.46853769831466,-4.875904624538293,1.0026019100214134,1.0625
-50.40603769831466,-4.938404624538293,1.0436361294035585,1.0206906325745548
-50.40603769831466,-5.063404624538293,1.0026019100214134,1.0461646096066226
-50.34353769831466,-5.125904624538293,1.0436361294035585,1.0026019100214134
-50.34353769831466,-5.313404624538293,0.9856080405005891,1.0625
-50.28103769831466,-5.375904624538293,1.0322063340164078,1.0219744577357401
-50.28103769831466,-5.500904624538293,1.0026019100214134,1.0625
-50.21853769831466,-5.563404624538293,1.0436361294035585,1.0206906325745548
-50.21853769831466,-5.688404624538293,1.0026019100214134,1.0461646096066226
-50.15603769831466,-5.750904624538293,1.0436361294035585,1.0026019100214134
-50.15603769831466,-5.938404624538293,0.9856080405005891,1.0625
-50.09353769831466,-6.000904624538293,1.0322063340164078,1.0219744577357401
-50.09353769831466,-6.125904624538293,1.0026019100214134,1.0625
-50.03103769831466,-6.188404624538293,1.0436361294035585,1.0219744577357401
-50.03103769831466,-6.313404624538293,1.0026019100214134,1.0625
-49.96853769831466,-6.375904624538293,1.0436361294035585,1.0219744577357401
-49.96853769831466,-6.500904624538293,1.0026019100214134,1.0625
-49.90603769831466,-6.563404624538293,1.0436361294035585,1.0206906325745548
-49.90603769831466,-6.688404624538293,1.0026019100214134,1.0461646096066226
-49.84353769831466,-6.750904624538293,1.0436361294035585,1.0026019100214134
-49.84353769831466,-6.875904624538293,1.0026019100214134,1.0436361294035585
-49.78103769831466,-6.938404624538293,1.0436361294035585,1.0026019100214134
-49.78103769831466,-7.125904624538293,0.9856080405005891,1.0625
-49.71853769831466,-7.188404624538293,1.0322063340164078,1.0219744577357401
-49.71853769831466,-7.313404624538293,1.0026019100214134,1.0625
-49.65603769831466,-7.375904624538293,1.0436361294035585,1.0219744577357401
-49.65603769831466,-7.500904624538293,1.0026019100214134,1.0625
-49.59353769831466,-7.563404624538293,1.0436361294035585,1.0219744577357401
-49.59353769831466,-7.688404624538293,1.0026019100214134,1.0625
-49.53103769831466,-7.750904624538293,1.0436361294035585,1.0206906325745548
-49.53103769831466,-7.875904624538293,1.0026019100214134,1.0461646096066226
-49.46853769831466,-7.938404624538293,1.0436361294035585,1.0026019100214134
-49.46853769831466,-8.063404624538293,1.0026019100214134,1.0436361294035585
-49.40603769831466,-8.125904624538293,1.0436361294035585,1.0026019100214134
-49.40603769831466,-8.250904624538293,1.0026019100214134,1.0436361294035585
-49.34353769831466,-8.313404624538293,1.0436361294035585,1.0026019100214134
-49.34353769831466,-8.438404624538293,1.0026019100214134,1.0436361294035585
-49.28103769831466,-8.500904624538293,1.0436361294035585,1.0026019100214134
-49.28103769831466,-8.688404624538293,0.9856080405005891,1.0625
-49.21853769831466,-8.750904624538293,1.0322063340164078,1.0219744577357401
-49.21853769831466,-8.875904624538293,1.0026019100214134,1.0625
-49.15603769831466,-8.938404624538293,1.0436361294035585,1.0219744577357401
-49.15603769831466,-9.063404624538293,1.0026019100214134,1.0625
-49.09353769831466,-9.125904624538293,1.0436361294035585,1.0219744577357401
-49.09353769831466,-9.250904624538293,1.0026019100214134,1.0625
-49.03103769831466,-9.313404624538293,1.0436361294035585,1.0219744577357401
-49.03103769831466,-9.438404624538293,1.0026019100214134,1.0625
-48.96853769831466,-9.500904624538293,1.0436361294035585,1.0206906325745548
-48.96853769831466,-9.625904624538293,1.0026019100214134,1.0461646096066226
-48.90603769831466,-9.688404624538293,1.0436361294035585,1.0026019100214134
-48.90603769831466,-9.813404624538293,1.0026019100214134,1.0436361294035585
-48.84353769831466,-9.875904624538293,1.0436361294035585,1.0026019100214134
-48.84353769831466,-10.000904624538293,1.0026019100214134,1.0436361294035585
-48.78103769831466,-10.063404624538293,1.0436361294035585,1.0026019100214134
-48.78103769831466,-10.188404624538293,1.0026019100214134,1.0436361294035585
-48.71853769831466,-10.250904624538293,1.0436361294035585,1.0026019100214134
-48.71853769831466,-10.375904624538293,1.0026019100214134,1.0436361294035585
-48.65603769831466,-10.438404624538293,1.0436361294035585,1.0026019100214134
-48.65603769831466,-10.563404624538293,1.0026019100214134,1.0436361294035585
-48.59353769831466,-10.625904624538293,1.0436361294035585,1.0026019100214134
-48.59353769831466,-10.813404624538293,0.9856080405005891,1.0625
-48.53103769831466,-10.875904624538293,1.0322063340164078,1.0219744577357401
-48.53103769831466,-11.000904624538293,1.0026019100214134,1.0625
-48.46853769831466,-11.063404624538293,1.0436361294035585,1.0219744577357401
-48.46853769831466,-11.188404624538293,1.0026019100214134,1.0625
-48.40603769831466,-11.250904624538293,1.0436361294035585,1.0219744577357401
-48.40603769831466,-11.375904624538293,1.0026019100214134,1.0625
-48.34353769831466,-11.438404624538293,1.0436361294035585,1.0219744577357401
-48.34353769831466,-11.563404624538293,1.0026019100214134,1.0625
-48.28103769831466,-11.625904624538293,1.0436361294035585,1.0219744577357401
-48.28103769831466,-11.750904624538293,1.0026019100214134,1.0625
-48.21853769831466,-11.813404624538293,1.0436361294035585,1.0219744577357401
-48.21853769831466,-11.938404624538293,1.0026019100214134,1.0625
-48.15603769831466,-12.000904624538293,1.0436361294035585,1.0219744577357401
-48.15603769831466,-12.125904624538293,1.0026019100214134,1.0625
-48.09353769831466,-12.188404624538293,1.0436361294035585,1.0219744577357401
-48.09353769831466,-12.313404624538293,1.0026019100214134,1.0625
-48.03103769831466,-12.375904624538293,1.0436361294035585,1.0219744577357401
-48.03103769831466,-12.500904624538293,1.0026019100214134,1.0625
-47.96853769831466,-12.563404624538293,1.0436361294035585,1.0219744577357401
-47.96853769831466,-12.688404624538293,1.0026019100214134,1.0625
-47.90603769831466,-12.750904624538293,1.0436361294035585,1.0206906325745548
-47.90603769831466,-12.875904624538293,1.0026019100214134,1.0461646096066226
-47.84353769831466,-12.938404624538293,1.0436361294035585,1.0026019100214134
-47.84353769831466,-13.063404624538293,1.0026019100214134,1.0436361294035585
-47.78103769831466,-13.125904624538293,1.0436361294035585,1.0026019100214134
-47.78103769831466,-13.250904624538293,1.0026019100214134,1.0436361294035585
-47.71853769831466,-13.313404624538293,1.0436361294035585,1.0103807466993215
-47.71853769831466,-13.375904624538293,1.0219744577357401,1.0372967345311055
-47.65603769831466,-13.438404624538293,1.0625,1.0103807466993215
-47.65603769831466,-13.563404624538293,1.005199322349037,1.0662455107677085
-47.53103769831466,-13.688404624538293,1.0258194519667128,1.0258194519667128
-47.53103769831466,-13.750904624538293,0.9908575552345704,1.0625
-47.09353769831466,-14.188404624538293,0.9908575552345704,1.0625
-47.03103769831466,-14.188404624538293,1.0258194519667128,1.0258194519667128
-46.96853769831466,-14.250904624538293,1.011673327805978,1.0436361294035585
-46.90603769831466,-14.250904624538293,1.0436361294035585,1.011673327805978
-46.84353769831466,-14.313404624538293,1.0219744577357401,1.0372967345311055
-46.78103769831466,-14.313404624538293,1.0436361294035585,1.0103807466993215
-46.71853769831466,-14.375904624538293,1.0103807466993215,1.0436361294035585
-46.59353769831466,-14.375904624538293,1.0625,1.0026019100214134
-46.53103769831466,-14.438404624538293,1.0219744577357401,1.0436361294035585
-46.40603769831466,-14.438404624538293,1.0625,1.0026019100214134
-46.34353769831466,-14.500904624538293,1.0219744577357401,1.0436361294035585
-46.09353769831466,-14.500904624538293,1.0737097890017715,0.9710752869924775
-46.03103769831466,-14.563404624538293,1.0206906325745548,1.0206906325745548
-44.71853769831466,-14.563404624538293,1.0322063340164078,1.0206906325745548
-44.65603769831466,-14.500904624538293,1.0823736126465204,0.9710752869924775
-44.34353769831466,-14.500904624538293,1.0206906325745548,1.0206906325745548
-44.28103769831466,-14.438404624538293,1.0737097890017715,0.9710752869924775
-44.03103769831466,-14.438404624538293,1.0322063340164078,1.0206906325745548
-43.96853769831466,-14.375904624538293,1.0811388300841898,0.9710752869924775
-43.71853769831466,-14.375904624538293,1.0206906325745548,1.0322063340164078
-43.65603769831466,-14.313404624538293,1.0625,0.9856080405005891
-43.53103769831466,-14.313404624538293,1.0219744577357401,1.0219744577357401
-43.46853769831466,-14.250904624538293,1.0625,0.9856080405005891
-43.28103769831466,-14.250904624538293,1.0206906325745548,1.0436361294035585
-43.21853769831466,-14.188404624538293,1.0625,1.0026019100214134
-43.09353769831466,-14.188404624538293,1.0219744577357401,1.0436361294035585
-43.03103769831466,-14.125904624538293,1.0625,1.0026019100214134
-42.90603769831466,-14.125904624538293,1.0219744577357401,1.0436361294035585
-42.84353769831466,-14.063404624538293,1.0625,1.0026019100214134
-42.71853769831466,-14.063404624538293,1.0219744577357401,1.0436361294035585
-42.65603769831466,-14.000904624538293,1.0625,1.0026019100214134
-42.53103769831466,-14.000904624538293,1.0103807466993215,1.0436361294035585
-42.46853769831466,-13.938404624538293,1.0436361294035585,1.0026019100214134
-42.40603769831466,-13.938404624538293,1.0219744577357401,1.0219744577357401
-42.34353769831466,-13.875904624538293,1.0625,0.9856080405005891
-42.21853769831466,-13.875904624538293,1.0219744577357401,1.0372967345311055
-42.15603769831466,-13.813404624538293,1.0625,1.0026019100214134
-42.03103769831466,-13.813404624538293,1.0103807466993215,1.0436361294035585
-41.96853769831466,-13.750904624538293,1.0436361294035585,1.0103807466993215
-41.90603769831466,-13.750904624538293,1.0219744577357401,1.0372967345311055
-41.84353769831466,-13.688404624538293,1.0625,1.0026019100214134
-41.71853769831466,-13.688404624538293,1.0103807466993215,1.0436361294035585
-41.65603769831466,-13.625904624538293,1.0372967345311055,1.0103807466993215
-41.59353769831466,-13.625904624538293,1.0103807466993215,1.0372967345311055
-41.53103769831466,-13.563404624538293,1.0436361294035585,1.0103807466993215
-41.46853769831466,-13.563404624538293,1.0219744577357401,1.0372967345311055
-41.40603769831466,-13.500904624538293,1.0625,1.0026019100214134
-41.28103769831466,-13.500904624538293,1.0103807466993215,1.0436361294035585
-41.21853769831466,-13.438404624538293,1.0372967345311055,1.0103807466993215
-41.15603769831466,-13.438404624538293,1.0103807466993215,1.0372967345311055
-41.09353769831466,-13.375904624538293,1.0372967345311055,1.0103807466993215
-41.03103769831466,-13.375904624538293,1.0103807466993215,1.0372967345311055
-40.96853769831466,-13.313404624538293,1.0372967345311055,1.0103807466993215
-40.90603769831466,-13.313404624538293,1.0103807466993215,1.0372967345311055
-40.84353769831466,-13.250904624538293,1.0436361294035585,1.0103807466993215
-40.78103769831466,-13.250904624538293,1.0219744577357401,1.0372967345311055
-40.71853769831466,-13.188404624538293,1.0625,1.0103807466993215
-40.59353769831466,-13.188404624538293,1.0103807466993215,1.0662455107677085
-40.53103769831466,-13.125904624538293,1.0372967345311055,1.0372967345311055
-40.46853769831466,-13.125904624538293,1.0103807466993215,1.0662455107677085
-40.40603769831466,-13.063404624538293,1.0372967345311055,1.0372967345311055
-40.34353769831466,-13.063404624538293,1.0103807466993215,1.0662455107677085
-40.28103769831466,-13.000904624538293,1.0372967345311055,1.0372967345311055
-40.21853769831466,-13.000904624538293,1.0103807466993215,1.0662455107677085
-40.15603769831466,-12.938404624538293,1.0372967345311055,1.0372967345311055
-40.09353769831466,-12.938404624538293,1.0103807466993215,1.0662455107677085
-40.03103769831466,-12.875904624538293,1.0372967345311055,1.0372967345311055
-39.96853769831466,-12.875904624538293,1.0103807466993215,1.0662455107677085
-39.90603769831466,-12.813404624538293,1.0372967345311055,1.0372967345311055
-39.84353769831466,-12.813404624538293,1.0103807466993215,1.0662455107677085
-39.71853769831466,-12.688404624538293,1.0436361294035585,1.0103807466993215
-39.65603769831466,-12.688404624538293,1.011673327805978,1.0372967345311055
-39.59353769831466,-12.625904624538293,1.0372967345311055,1.0103807466993215
-39.53103769831466,-12.625904624538293,1.0103807466993215,1.0372967345311055
-39.46853769831466,-12.563404624538293,1.0372967345311055,1.0103807466993215
-39.40603769831466,-12.563404624538293,1.0103807466993215,1.0372967345311055
-39.34353769831466,-12.500904624538293,1.0372967345311055,1.011673327805978
-39.28103769831466,-12.500904624538293,1.0103807466993215,1.0436361294035585
-39.21853769831466,-12.438404624538293,1.0372967345311055,1.0258194519667128
-39.15603769831466,-12.438404624538293,1.0103807466993215,1.0625
-39.03103769831466,-12.313404624538293,1.0436361294035585,1.0103807466993215
-38.96853769831466,-12.313404624538293,1.011673327805978,1.0372967345311055
-38.90603769831466,-12.250904624538293,1.0372967345311055,1.0103807466993215
-38.84353769831466,-12.250904624538293,1.0103807466993215,1.0372967345311055
-38.78103769831466,-12.188404624538293,1.0372967345311055,1.011673327805978
-38.71853769831466,-12.188404624538293,1.0103807466993215,1.0436361294035585
-38.65603769831466,-12.125904624538293,1.0372967345311055,1.0258194519667128
-38.59353769831466,-12.125904624538293,1.0103807466993215,1.0625
-38.46853769831466,-12.000904624538293,1.0436361294035585,1.0103807466993215
-38.40603769831466,-12.000904624538293,1.011673327805978,1.0372967345311055
-38.34353769831466,-11.938404624538293,1.0372967345311055,1.011673327805978
-38.28103769831466,-11.938404624538293,1.0103807466993215,1.0436361294035585
-38.21853769831466,-11.875904624538293,1.0258194519667128,1.0258194519667128
-38.15603769831466,-11.875904624538293,0.9908575552345704,1.0625
-38.03103769831466,-11.750904624538293,1.0372967345311055,1.011673327805978
-37.96853769831466,-11.750904624538293,1.0103807466993215,1.0436361294035585
-37.90603769831466,-11.688404624538293,1.0258194519667128,1.0258194519667128
-37.84353769831466,-11.688404624538293,0.9908575552345704,1.0625
-37.71853769831466,-11.563404624538293,1.0258194519667128,1.0258194519667128
-37.65603769831466,-11.563404624538293,0.9908575552345704,1.0625
-37.46853769831466,-11.375904624538293,1.0258194519667128,1.0258194519667128
-37.40603769831466,-11.375904624538293,0.9908575552345704,1.0625
-37.21853769831466,-11.188404624538293,1.0258194519667128,1.0258194519667128
-37.15603769831466,-11.188404624538293,0.9908575552345704,1.0625
-36.90603769831466,-10.938404624538293,1.0436361294035585,1.0258194519667128
-36.84353769831466,-10.938404624538293,1.0026019100214134,1.0625
-36.46853769831466,-10.563404624538293,1.0436361294035585,1.0258194519667128
-36.40603769831466,-10.563404624538293,1.0026019100214134,1.0625
-34.28103769831466,-8.438404624538293,1.0026019100214134,1.0625
-34.28103769831466,-8.375904624538293,1.0467960838455728,1.0258194519667128
-33.65603769831466,-7.750904624538293,1.0026019100214134,1.0625
-33.65603769831466,-7.688404624538293,1.0436361294035585,1.0258194519667128
-33.21853769831466,-7.250904624538293,1.0026019100214134,1.0625
-33.21853769831466,-7.188404624538293,1.0436361294035585,1.0258194519667128
-32.84353769831466,-6.813404624538293,0.9908575552345704,1.0625
-32.84353769831466,-6.750904624538293,1.0258194519667128,1.0258194519667128
-32.53103769831466,-6.438404624538293,0.9908575552345704,1.0625
-32.53103769831466,-6.375904624538293,1.0258194519667128,1.0258194519667128
-32.21853769831466,-6.063404624538293,0.9908575552345704,1.0625
-32.21853769831466,-6.000904624538293,1.0258194519667128,1.0258194519667128
-31.968537698314663,-5.750904624538293,0.9908575552345704,1.0625
-31.968537698314663,-5.688404624538293,1.0258194519667128,1.0258194519667128
-31.718537698314663,-5.438404624538293,0.9908575552345704,1.0625
-31.718537698314663,-5.375904624538293,1.0258194519667128,1.0258194519667128
-31.468537698314663,-5.125904624538293,0.9908575552345704,1.0625
-31.468537698314663,-5.063404624538293,1.0258194519667128,1.0258194519667128
-31.218537698314663,-4.813404624538293,0.9908575552345704,1.0625
-31.218537698314663,-4.750904624538293,1.0258194519667128,1.0258194519667128
-30.968537698314663,-4.500904624538293,0.9908575552345704,1.0625
-30.968537698314663,-4.438404624538293,1.0258194519667128,1.0258194519667128
-30.781037698314663,-4.250904624538293,0.9908575552345704,1.0625
-30.781037698314663,-4.188404624538293,1.0258194519667128,1.0258194519667128
-30.593537698314663,-4.000904624538293,0.9908575552345704,1.0524677935467777
-30.593537698314663,-3.9384046245382933,1.0258194519667128,1.0129648046137756
-30.343537698314663,-3.6884046245382933,0.9908575552345704,1.0625
-30.343537698314663,-3.6259046245382933,1.0258194519667128,1.0258194519667128
-29.968537698314663,-3.2509046245382933,1.0258194519667128,1.0129648046137756
-29.906037698314663,-3.2509046245382933,0.9908575552345704,1.0524677935467777
-29.718537698314663,-3.0634046245382933,1.0436361294035585,1.0103807466993215
-29.656037698314663,-3.0634046245382933,1.011673327805978,1.0372967345311055
-29.593537698314663,-3.0009046245382933,1.0372967345311055,1.0103807466993215
-29.531037698314663,-3.0009046245382933,1.0103807466993215,1.0372967345311055
-29.468537698314663,-2.9384046245382933,1.0372967345311055,1.0103807466993215
-29.406037698314663,-2.9384046245382933,1.0103807466993215,1.0372967345311055
-29.343537698314663,-2.8759046245382933,1.0436361294035585,1.0103807466993215
-29.281037698314663,-2.8759046245382933,1.0219744577357401,1.0322063340164078
-29.218537698314663,-2.8134046245382933,1.0625,0.9856080405005891
-29.031037698314663,-2.8134046245382933,1.0206906325745548,1.0322063340164078
-28.968537698314663,-2.7509046245382933,1.0625,0.9856080405005891
-28.781037698314663,-2.7509046245382933,1.0206906325745548,1.0322063340164078
-28.718537698314663,-2.6884046245382933,1.0737097890017715,0.9856080405005891
-28.468537698314663,-2.6884046245382933,1.0322063340164078,1.0206906325745548
-28.406037698314663,-2.6259046245382933,1.0823736126465204,0.9710752869924775
-27.281037698314663,-2.6259046245382933,1.0823736126465204,0.9710752869924775
-27.218537698314663,-2.6884046245382933,1.0322063340164078,1.0206906325745548
-26.843537698314663,-2.6884046245382933,1.0737097890017715,0.9710752869924775
-26.781037698314663,-2.7509046245382933,1.0206906325745548,1.0206906325745548
-26.531037698314663,-2.7509046245382933,1.0737097890017715,0.9856080405005891
-26.468537698314663,-2.8134046245382933,1.0206906325745548,1.0322063340164078
-26.218537698314663,-2.8134046245382933,1.0811388300841898,0.9710752869924775
-26.156037698314663,-2.8759046245382933,1.0322063340164078,1.0206906325745548
-25.968537698314663,-2.8759046245382933,1.0811388300841898,0.9856080405005891
-25.906037698314663,-2.9384046245382933,1.0322063340164078,1.0322063340164078
-25.781037698314663,-2.9384046245382933,1.0625,1.0026019100214134
-25.718537698314663,-3.0009046245382933,1.0206906325745548,1.0436361294035585
-25.531037698314663,-3.0009046245382933,1.0625,0.9856080405005891
-25.468537698314663,-3.0634046245382933,1.0219744577357401,1.0219744577357401
-25.343537698314663,-3.0634046245382933,1.0625,0.9856080405005891
-25.281037698314663,-3.1259046245382933,1.0219744577357401,1.0322063340164078
-25.156037698314663,-3.1259046245382933,1.0625,1.0026019100214134
-25.093537698314663,-3.1884046245382933,1.0219744577357401,1.0436361294035585
-24.968537698314663,-3.1884046245382933,1.0625,1.0026019100214134
-24.906037698314663,-3.2509046245382933,1.0219744577357401,1.0372967345311055
-24.781037698314663,-3.2509046245382933,1.0625,0.9856080405005891
-24.718537698314663,-3.3134046245382933,1.0219744577357401,1.0219744577357401
-24.656037698314663,-3.3134046245382933,1.0436361294035585,1.0026019100214134
-24.593537698314663,-3.3759046245382933,1.0103807466993215,1.0436361294035585
-24.468537698314663,-3.3759046245382933,1.0625,1.0026019100214134
-24.406037698314663,-3.4384046245382933,1.0219744577357401,1.0372967345311055
-24.281037698314663,-3.4384046245382933,1.0625,0.9856080405005891
-24.218537698314663,-3.5009046245382933,1.0219744577357401,1.0219744577357401
-24.156037698314663,-3.5009046245382933,1.0436361294035585,1.0026019100214134
-24.093537698314663,-3.5634046245382933,1.0103807466993215,1.0372967345311055
-24.031037698314663,-3.5634046245382933,1.0372967345311055,1.0103807466993215
-23.968537698314663,-3.6259046245382933,1.0103807466993215,1.0436361294035585
-23.843537698314663,-3.6259046245382933,1.0625,1.0026019100214134
-23.781037698314663,-3.6884046245382933,1.0219744577357401,1.0436361294035585
-23.593537698314663,-3.6884046245382933,1.0811388300841898,0.9856080405005891
-23.531037698314663,-3.7509046245382933,1.0322063340164078,1.0322063340164078
-23.343537698314663,-3.7509046245382933,1.0811388300841898,0.9856080405005891
-23.281037698314663,-3.8134046245382933,1.0322063340164078,1.0322063340164078
-23.031037698314663,-3.8134046245382933,1.0823736126465204,0.9710752869924775
-22.968537698314663,-3.8759046245382933,1.0322063340164078,1.0206906325745548
-22.718537698314663,-3.8759046245382933,1.0823736126465204,0.9710752869924775
-22.656037698314663,-3.9384046245382933,1.0322063340164078,1.0206906325745548
-22.406037698314663,-3.9384046245382933,1.0823736126465204,0.9710752869924775
-22.343537698314663,-4.000904624538293,1.0322063340164078,1.0206906325745548
-22.093537698314663,-4.000904624538293,1.0737097890017715,0.9710752869924775
-22.031037698314663,-4.063404624538293,1.0206906325745548,1.0206906325745548
-21.781037698314663,-4.063404624538293,1.0737097890017715,0.9710752869924775
-21.718537698314663,-4.125904624538293,1.0206906325745548,1.0206906325745548
-21.468537698314663,-4.125904624538293,1.0737097890017715,0.9710752869924775
-21.406037698314663,-4.188404624538293,1.0206906325745548,1.0206906325745548
-21.093537698314663,-4.188404624538293,1.0823736126465204,0.9710752869924775
-21.031037698314663,-4.250904624538293,1.0322063340164078,1.0206906325745548
-20.781037698314663,-4.250904624538293,1.0823736126465204,0.9710752869924775
-20.718537698314663,-4.313404624538293,1.0322063340164078,1.0206906325745548
-20.468537698314663,-4.313404624538293,1.0823736126465204,0.9710752869924775
-20.406037698314663,-4.375904624538293,1.0322063340164078,1.0206906325745548
-20.156037698314663,-4.375904624538293,1.0737097890017715,0.9710752869924775
-20.093537698314663,-4.438404624538293,1.0206906325745548,1.0206906325745548
-19.843537698314663,-4.438404624538293,1.0737097890017715,0.9710752869924775
-19.781037698314663,-4.500904624538293,1.0206906325745548,1.0206906325745548
-19.468537698314663,-4.500904624538293,1.0823736126465204,0.9710752869924775
-19.406037698314663,-4.563404624538293,1.0322063340164078,1.0206906325745548
-19.156037698314663,-4.563404624538293,1.0823736126465204,0.9710752869924775
-19.093537698314663,-4.625904624538293,1.0322063340164078,1.0206906325745548
-18.843537698314663,-4.625904624538293,1.0823736126465204,0.9710752869924775
-18.781037698314663,-4.688404624538293,1.0322063340164078,1.0206906325745548
-18.531037698314663,-4.688404624538293,1.0737097890017715,0.9710752869924775
-18.468537698314663,-4.750904624538293,1.0206906325745548,1.0206906325745548
-18.218537698314663,-4.750904624538293,1.0737097890017715,0.9710752869924775
-18.156037698314663,-4.813404624538293,1.0206906325745548,1.0206906325745548
-17.906037698314663,-4.813404624538293,1.0737097890017715,0.9710752869924775
-17.843537698314663,-4.875904624538293,1.0206906325745548,1.0206906325745548
-17.531037698314663,-4.875904624538293,1.0823736126465204,0.9710752869924775
-17.468537698314663,-4.938404624538293,1.0322063340164078,1.0206906325745548
-17.218537698314663,-4.938404624538293,1.0823736126465204,0.9710752869924775
-17.156037698314663,-5.000904624538293,1.0322063340164078,1.0206906325745548
-16.906037698314663,-5.000904624538293,1.0737097890017715,0.9710752869924775
-16.843537698314663,-5.063404624538293,1.0206906325745548,1.0206906325745548
-16.593537698314663,-5.063404624538293,1.0737097890017715,0.9710752869924775
-16.531037698314663,-5.125904624538293,1.0206906325745548,1.0206906325745548
-16.281037698314663,-5.125904624538293,1.0737097890017715,0.9710752869924775
-16.218537698314663,-5.188404624538293,1.0206906325745548,1.0206906325745548
-15.906037698314663,-5.188404624538293,1.0823736126465204,0.9710752869924775
-15.843537698314663,-5.250904624538293,1.0322063340164078,1.0206906325745548
-15.593537698314663,-5.250904624538293,1.0823736126465204,0.9710752869924775
-15.531037698314663,-5.313404624538293,1.0322063340164078,1.0206906325745548
-15.281037698314663,-5.313404624538293,1.0823736126465204,0.9710752869924775
-15.218537698314663,-5.375904624538293,1.0322063340164078,1.0206906325745548
-14.968537698314663,-5.375904624538293,1.0737097890017715,0.9710752869924775
-14.906037698314663,-5.438404624538293,1.0206906325745548,1.0206906325745548
-14.656037698314663,-5.438404624538293,1.0737097890017715,0.9710752869924775
-14.593537698314663,-5.500904624538293,1.0206906325745548,1.0206906325745548
-14.281037698314663,-5.500904624538293,1.0823736126465204,0.9710752869924775
-14.218537698314663,-5.563404624538293,1.0322063340164078,1.0206906325745548
-13.968537698314663,-5.563404624538293,1.0823736126465204,0.9710752869924775
-13.906037698314663,-5.625904624538293,1.0322063340164078,1.0206906325745548
-13.656037698314663,-5.625904624538293,1.0823736126465204,0.9710752869924775
-13.593537698314663,-5.688404624538293,1.0322063340164078,1.0206906325745548
-13.343537698314663,-5.688404624538293,1.0737097890017715,0.9710752869924775
-13.281037698314663,-5.750904624538293,1.0206906325745548,1.0206906325745548
-13.031037698314663,-5.750904624538293,1.0737097890017715,0.9710752869924775
-12.968537698314663,-5.813404624538293,1.0206906325745548,1.0206906325745548
-12.718537698314663,-5.813404624538293,1.0737097890017715,0.9710752869924775
-12.656037698314663,-5.875904624538293,1.0206906325745548,1.0206906325745548
-12.343537698314663,-5.875904624538293,1.0823736126465204,0.9710752869924775
-12.281037698314663,-5.938404624538293,1.0322063340164078,1.0206906325745548
-12.031037698314663,-5.938404624538293,1.0823736126465204,0.9710752869924775
-11.968537698314663,-6.000904624538293,1.0322063340164078,1.0206906325745548
-11.718537698314663,-6.000904624538293,1.0737097890017715,0.9710752869924775
-11.656037698314663,-6.063404624538293,1.0206906325745548,1.0206906325745548
-11.406037698314663,-6.063404624538293,1.0737097890017715,0.9710752869924775
-11.343537698314663,-6.125904624538293,1.0206906325745548,1.0206906325745548
-11.093537698314663,-6.125904624538293,1.0737097890017715,0.9710752869924775
-11.031037698314663,-6.188404624538293,1.0206906325745548,1.0206906325745548
-10.718537698314663,-6.188404624538293,1.0823736126465204,0.9710752869924775
-10.656037698314663,-6.250904624538293,1.0322063340164078,1.0206906325745548
-10.406037698314663,-6.250904624538293,1.0823736126465204,0.9710752869924775
-10.343537698314663,-6.313404624538293,1.0322063340164078,1.0206906325745548
-10.093537698314663,-6.313404624538293,1.0823736126465204,0.9710752869924775
-10.031037698314663,-6.375904624538293,1.0322063340164078,1.0206906325745548
-9.781037698314663,-6.375904624538293,1.0737097890017715,0.9710752869924775
-9.718537698314663,-6.438404624538293,1.0206906325745548,1.0206906325745548
-9.468537698314663,-6.438404624538293,1.0737097890017715,0.9710752869924775
-9.406037698314663,-6.500904624538293,1.0206906325745548,1.0206906325745548
-9.093537698314663,-6.500904624538293,1.0823736126465204,0.9710752869924775
-9.031037698314663,-6.563404624538293,1.0322063340164078,1.0206906325745548
-8.781037698314663,-6.563404624538293,1.0823736126465204,0.9710752869924775
-8.718537698314663,-6.625904624538293,1.0322063340164078,1.0206906325745548
-8.468537698314663,-6.625904624538293,1.0823736126465204,0.9710752869924775
-8.406037698314663,-6.688404624538293,1.0322063340164078,1.0206906325745548
-8.156037698314663,-6.688404624538293,1.0737097890017715,0.9710752869924775
-8.093537698314663,-6.750904624538293,1.0206906325745548,1.0206906325745548
-7.8435376983146625,-6.750904624538293,1.0737097890017715,0.9710752869924775
-7.7810376983146625,-6.813404624538293,1.0206906325745548,1.0206906325745548
-7.5310376983146625,-6.813404624538293,1.0737097890017715,0.9710752869924775
-7.4685376983146625,-6.875904624538293,1.0206906325745548,1.0206906325745548
-7.1560376983146625,-6.875904624538293,1.0823736126465204,0.9710752869924775
-7.0935376983146625,-6.938404624538293,1.0322063340164078,1.0206906325745548
-6.8435376983146625,-6.938404624538293,1.0823736126465204,0.9710752869924775
-6.7810376983146625,-7.000904624538293,1.0322063340164078,1.0206906325745548
-6.5310376983146625,-7.000904624538293,1.0823736126465204,0.9710752869924775
-6.4685376983146625,-7.063404624538293,1.0322063340164078,1.0206906325745548
-6.2185376983146625,-7.063404624538293,1.0737097890017715,0.9710752869924775
-6.1560376983146625,-7.125904624538293,1.0206906325745548,1.0206906325745548
-5.9060376983146625,-7.125904624538293,1.0737097890017715,0.9710752869924775
-5.8435376983146625,-7.188404624538293,1.0206906325745548,1.0206906325745548
-5.5310376983146625,-7.188404624538293,1.0823736126465204,0.9710752869924775
-5.4685376983146625,-7.250904624538293,1.0322063340164078,1.0206906325745548
-5.2185376983146625,-7.250904624538293,1.0823736126465204,0.9710752869924775
-5.1560376983146625,-7.313404624538293,1.0322063340164078,1.0206906325745548
-4.9060376983146625,-7.313404624538293,1.0823736126465204,0.9710752869924775
-4.8435376983146625,-7.375904624538293,1.0322063340164078,1.0206906325745548
-4.5935376983146625,-7.375904624538293,1.0737097890017715,0.9710752869924775
-4.5310376983146625,-7.438404624538293,1.0206906325745548,1.0206906325745548
-4.2810376983146625,-7.438404624538293,1.0737097890017715,0.9710752869924775
-4.2185376983146625,-7.500904624538293,1.0206906325745548,1.0206906325745548
-3.9060376983146625,-7.500904624538293,1.0823736126465204,0.9710752869924775
-3.8435376983146625,-7.563404624538293,1.0322063340164078,1.0206906325745548
-3.5935376983146625,-7.563404624538293,1.0823736126465204,0.9710752869924775
-3.5310376983146625,-7.625904624538293,1.0322063340164078,1.0206906325745548
-3.2810376983146625,-7.625904624538293,1.0823736126465204,0.9710752869924775
-3.2185376983146625,-7.688404624538293,1.0322063340164078,1.0206906325745548
-2.9685376983146625,-7.688404624538293,1.0737097890017715,0.9710752869924775
-2.9060376983146625,-7.750904624538293,1.0206906325745548,1.0206906325745548
-2.6560376983146625,-7.750904624538293,1.0737097890017715,0.9710752869924775
-2.5935376983146625,-7.813404624538293,1.0206906325745548,1.0206906325745548
-2.3435376983146625,-7.813404624538293,1.0737097890017715,0.9710752869924775
-2.2810376983146625,-7.875904624538293,1.0206906325745548,1.0206906325745548
-1.5935376983146625,-7.875904624538293,1.0322063340164078,1.0206906325745548
-1.5310376983146625,-7.813404624538293,1.0823736126465204,0.9710752869924775
-1.2810376983146625,-7.813404624538293,1.0103807466993215,1.0436361294035585
-1.2185376983146625,-7.750904624538293,1.0372967345311055,1.0103807466993215
-1.1560376983146625,-7.750904624538293,1.0103807466993215,1.0372967345311055
-1.0935376983146625,-7.688404624538293,1.0372967345311055,1.011673327805978
-1.0310376983146625,-7.688404624538293,1.0103807466993215,1.0436361294035585
-0.9685376983146625,-7.625904624538293,1.0436361294035585,1.0258194519667128
-0.9060376983146625,-7.625904624538293,1.011673327805978,1.0625
-0.4060376983146625,-7.125904624538293,1.0103807466993215,1.0625
-0.4060376983146625,-7.063404624538293,1.0372967345311055,1.0258194519667128
-0.3435376983146625,-7.000904624538293,1.011673327805978,1.0436361294035585
-0.3435376983146625,-6.938404624538293,1.0436361294035585,1.011673327805978
-0.2810376983146625,-6.875904624538293,1.0258194519667128,1.0372967345311055
-0.2810376983146625,-6.813404624538293,1.0625,1.0103807466993215
-0.21853769831466252,-6.750904624538293,1.0219744577357401,1.0436361294035585
-0.21853769831466252,-6.625904624538293,1.0625,1.0026019100214134
-0.15603769831466252,-6.563404624538293,1.0219744577357401,1.0436361294035585
-0.15603769831466252,-6.375904624538293,1.0811388300841898,0.9856080405005891
-0.09353769831466252,-6.313404624538293,1.0322063340164078,1.0322063340164078
-0.09353769831466252,-6.063404624538293,1.0823736126465204,0.9710752869924775
-0.03103769831466252,-6.000904624538293,1.0322063340164078,1.0206906325745548
-0.03103769831466252,-5.563404624538293,1.0823736126465204,0.9856080405005891
0.03146230168533748,-5.500904624538293,1.0322063340164078,1.0322063340164078
0.03146230168533748,-4.188404624538293,1.1225943732183963,1.0
0.09396230168533748,-4.125904624538293,1.0625,1.0625
0.09396230168533748,-4.063404624538293,1.0625,1.0625
0.03146230168533748,-4.000904624538293,1.1225943732183963,1.0
0.03146230168533748,-1.7509046245382933,1.0625,1.0625
-0.03103769831466252,-1.6884046245382933,1.1225943732183963,1.0
-0.03103769831466252,0.06159537546170668,1.0013015186830392,1.005199322349037
-0.09353769831466252,0.12409537546170668,1.0625,0.9496766880929002
-0.09353769831466252,1.5615953754617067,1.0625,1.0625
-0.15603769831466252,1.6240953754617067,1.1225943732183963,1.0
-0.15603769831466252,3.1240953754617067,1.0625,1.0625
-0.21853769831466252,3.1865953754617067,1.1225943732183963,1.0
-0.21853769831466252,4.686595375461707,1.0625,1.0625
-0.2810376983146625,4.749095375461707,1.1225943732183963,1.0
-0.2810376983146625,6.249095375461707,1.0625,1.0625
-0.3435376983146625,6.311595375461707,1.1225943732183963,1.0
-0.3435376983146625,6.936595375461707,1.0219744577357401,1.0461646096066226
-0.4060376983146625,6.999095375461707,1.0625,1.0026019100214134
-0.4060376983146625,7.124095375461707,1.0219744577357401,1.0436361294035585
-0.4685376983146625,7.186595375461707,1.0625,1.0103807466993215
-0.4685376983146625,7.311595375461707,1.0103807466993215,1.0662455107677085
-0.5310376983146625,7.374095375461707,1.0436361294035585,1.0372967345311055
-0.5310376983146625,7.436595375461707,1.005199322349037,1.0662455107677085
-0.6560376983146625,7.561595375461707,1.0258194519667128,1.0258194519667128
-0.6560376983146625,7.624095375461707,0.9908575552345704,1.0625
-0.9685376983146625,7.936595375461707,0.9908575552345704,1.0625
-1.0310376983146625,7.936595375461707,1.0258194519667128,1.0258194519667128
-1.0935376983146625,7.999095375461707,1.011673327805978,1.0436361294035585
-1.1560376983146625,7.999095375461707,1.0436361294035585,1.011673327805978
-1.2810376983146625,8.124095375461707,1.011673327805978,1.0662455107677085
-1.3435376983146625,8.124095375461707,1.0436361294035585,1.0372967345311055
-1.4060376983146625,8.186595375461707,1.0103807466993215,1.0662455107677085
-1.5310376983146625,8.186595375461707,1.0625,1.0103807466993215
-1.5935376983146625,8.249095375461707,1.0219744577357401,1.0372967345311055
-1.6560376983146625,8.249095375461707,1.0436361294035585,1.0103807466993215
-1.7185376983146625,8.311595375461707,1.0026019100214134,1.0436361294035585
-1.8435376983146625,8.311595375461707,1.0436361294035585,1.0026019100214134
-1.9060376983146625,8.374095375461707,1.0026019100214134,1.0436361294035585
-2.0310376983146625,8.374095375461707,1.0436361294035585,1.0026019100214134
-2.0935376983146625,8.436595375461707,1.0026019100214134,1.0436361294035585
-2.2185376983146625,8.436595375461707,1.0436361294035585,1.0026019100214134
-2.2810376983146625,8.499095375461707,1.0026019100214134,1.0461646096066226
-2.4060376983146625,8.499095375461707,1.0436361294035585,1.0206906325745548
-2.4685376983146625,8.561595375461707,1.0026019100214134,1.0625
-2.5935376983146625,8.561595375461707,1.0322063340164078,1.0219744577357401
-2.6560376983146625,8.624095375461707,0.9856080405005891,1.0625
-2.8435376983146625,8.624095375461707,1.0436361294035585,1.0026019100214134
-2.9060376983146625,8.686595375461707,1.0026019100214134,1.0461646096066226
-3.0310376983146625,8.686595375461707,1.0322063340164078,1.0206906325745548
-3.0935376983146625,8.749095375461707,0.9856080405005891,1.0625
-3.2810376983146625,8.749095375461707,1.0436361294035585,1.0026019100214134
-3.3435376983146625,8.811595375461707,1.0026019100214134,1.0461646096066226
-3.4685376983146625,8.811595375461707,1.0436361294035585,1.0206906325745548
-3.5310376983146625,8.874095375461707,1.0026019100214134,1.0625
-3.6560376983146625,8.874095375461707,1.0322063340164078,1.0219744577357401
-3.7185376983146625,8.936595375461707,0.9856080405005891,1.0625
-3.9060376983146625,8.936595375461707,1.0436361294035585,1.0206906325745548
-3.9685376983146625,8.999095375461707,1.0026019100214134,1.0625
-4.0935376983146625,8.999095375461707,1.0322063340164078,1.0219744577357401
-4.1560376983146625,9.061595375461707,0.9856080405005891,1.0625
-4.3435376983146625,9.061595375461707,1.0436361294035585,1.0026019100214134
-4.4060376983146625,9.124095375461707,1.0026019100214134,1.0461646096066226
-4.5310376983146625,9.124095375461707,1.0322063340164078,1.0206906325745548
-4.5935376983146625,9.186595375461707,0.9856080405005891,1.0625
-4.7810376983146625,9.186595375461707,1.0436361294035585,1.0026019100214134
-4.8435376983146625,9.249095375461707,1.0026019100214134,1.0461646096066226
-4.9685376983146625,9.249095375461707,1.0436361294035585,1.0206906325745548
-5.0310376983146625,9.311595375461707,1.0026019100214134,1.0625
-5.1560376983146625,9.311595375461707,1.0322063340164078,1.0219744577357401
-5.2185376983146625,9.374095375461707,0.9856080405005891,1.0625
-5.4060376983146625,9.374095375461707,1.0436361294035585,1.0026019100214134
-5.4685376983146625,9.436595375461707,1.0026019100214134,1.0461646096066226
-5.5935376983146625,9.436595375461707,1.0322063340164078,1.0206906325745548
-5.6560376983146625,9.499095375461707,0.9856080405005891,1.0625
-5.8435376983146625,9.499095375461707,1.0436361294035585,1.0026019100214134
-5.9060376983146625,9.561595375461707,1.0026019100214134,1.0461646096066226
-6.0310376983146625,9.561595375461707,1.0436361294035585,1.0206906325745548
-6.0935376983146625,9.624095375461707,1.0026019100214134,1.0625
-6.2185376983146625,9.624095375461707,1.0322063340164078,1.0219744577357401
-6.2810376983146625,9.686595375461707,0.9856080405005891,1.0625
-6.4685376983146625,9.686595375461707,1.0436361294035585,1.0026019100214134
-6.5310376983146625,9.749095375461707,1.0026019100214134,1.0461646096066226
-6.6560376983146625,9.749095375461707,1.0322063340164078,1.0206906325745548
-6.7185376983146625,9.811595375461707,0.9856080405005891,1.0625
-6.9060376983146625,9.811595375461707,1.0436361294035585,1.0026019100214134
-6.9685376983146625,9.874095375461707,1.0026019100214134,1.0461646096066226
-7.0935376983146625,9.874095375461707,1.0436361294035585,1.0206906325745548
-7.1560376983146625,9.936595375461707,1.0026019100214134,1.0625
-7.2810376983146625,9.936595375461707,1.0322063340164078,1.0219744577357401
-7.3435376983146625,9.999095375461707,0.9856080405005891,1.0625
-7.5310376983146625,9.999095375461707,1.0436361294035585,1.0206906325745548
-7.5935376983146625,10.061595375461707,1.0026019100214134,1.0625
-7.7185376983146625,10.061595375461707,1.0322063340164078,1.0219744577357401
-7.7810376983146625,10.124095375461707,0.9856080405005891,1.0625
-7.9685376983146625,10.124095375461707,1.0436361294035585,1.0026019100214134
-8.031037698314663,10.186595375461707,1.0026019100214134,1.0461646096066226
-8.156037698314663,10.186595375461707,1.0322063340164078,1.0206906325745548
-8.218537698314663,10.249095375461707,0.9856080405005891,1.0625
-8.406037698314663,10.249095375461707,1.0436361294035585,1.0026019100214134
-8.468537698314663,10.311595375461707,1.0026019100214134,1.0461646096066226
-8.593537698314663,10.311595375461707,1.0436361294035585,1.0206906325745548
-8.656037698314663,10.374095375461707,1.0026019100214134,1.0625
-8.781037698314663,10.374095375461707,1.0322063340164078,1.0219744577357401
-8.843537698314663,10.436595375461707,0.9856080405005891,1.0625
-9.031037698314663,10.436595375461707,1.0436361294035585,1.0026019100214134
-9.093537698314663,10.499095375461707,1.0026019100214134,1.0461646096066226
-9.218537698314663,10.499095375461707,1.0322063340164078,1.0206906325745548
-9.281037698314663,10.561595375461707,0.9856080405005891,1.0625
-9.468537698314663,10.561595375461707,1.0436361294035585,1.0026019100214134
-9.531037698314663,10.624095375461707,1.0026019100214134,1.0461646096066226
-9.656037698314663,10.624095375461707,1.0436361294035585,1.0206906325745548
-9.718537698314663,10.686595375461707,1.0026019100214134,1.0625
-9.843537698314663,10.686595375461707,1.0322063340164078,1.0219744577357401
-9.906037698314663,10.749095375461707,0.9856080405005891,1.0625
-10.093537698314663,10.749095375461707,1.0436361294035585,1.0206906325745548
-10.156037698314663,10.811595375461707,1.0026019100214134,1.0625
-10.281037698314663,10.811595375461707,1.0322063340164078,1.0219744577357401
-10.343537698314663,10.874095375461707,0.9856080405005891,1.0625
-10.531037698314663,10.874095375461707,1.0436361294035585,1.0026019100214134
-10.593537698314663,10.936595375461707,1.0026019100214134,1.0461646096066226
-10.718537698314663,10.936595375461707,1.0436361294035585,1.0206906325745548
-10.781037698314663,10.999095375461707,1.0026019100214134,1.0625
-10.906037698314663,10.999095375461707,1.0322063340164078,1.0219744577357401
-10.968537698314663,11.061595375461707,0.9856080405005891,1.0625
-11.156037698314663,11.061595375461707,1.0436361294035585,1.0206906325745548
-11.218537698314663,11.124095375461707,1.0026019100214134,1.0625
-11.343537698314663,11.124095375461707,1.0322063340164078,1.0219744577357401
-11.406037698314663,11.186595375461707,0.9856080405005891,1.0625
-11.593537698314663,11.186595375461707,1.0436361294035585,1.0026019100214134
-11.656037698314663,11.249095375461707,1.0026019100214134,1.0461646096066226
-11.781037698314663,11.249095375461707,1.0322063340164078,1.0206906325745548
-11.843537698314663,11.311595375461707,0.9856080405005891,1.0625
-12.031037698314663,11.311595375461707,1.0436361294035585,1.0026019100214134
-12.093537698314663,11.374095375461707,1.0026019100214134,1.0461646096066226
-12.218537698314663,11.374095375461707,1.0436361294035585,1.0206906325745548
-12.281037698314663,11.436595375461707,1.0026019100214134,1.0625
-12.406037698314663,11.436595375461707,1.0322063340164078,1.0219744577357401
-12.468537698314663,11.499095375461707,0.9856080405005891,1.0625
-12.656037698314663,11.499095375461707,1.0436361294035585,1.0026019100214134
-12.718537698314663,11.561595375461707,1.0026019100214134,1.0461646096066226
-12.843537698314663,11.561595375461707,1.0322063340164078,1.0206906325745548
-12.906037698314663,11.624095375461707,0.9856080405005891,1.0625
-13.093537698314663,11.624095375461707,1.0436361294035585,1.0026019100214134
-13.156037698314663,11.686595375461707,1.0026019100214134,1.0461646096066226
-13.281037698314663,11.686595375461707,1.0436361294035585,1.0206906325745548
-13.343537698314663,11.749095375461707,1.0026019100214134,1.0625
-13.468537698314663,11.749095375461707,1.0322063340164078,1.0219744577357401
-13.531037698314663,11.811595375461707,0.9856080405005891,1.0625
-13.718537698314663,11.811595375461707,1.0436361294035585,1.0206906325745548
-13.781037698314663,11.874095375461707,1.0026019100214134,1.0625
-13.906037698314663,11.874095375461707,1.0322063340164078,1.0219744577357401
-13.968537698314663,11.936595375461707,0.9856080405005891,1.0625
-14.156037698314663,11.936595375461707,1.0436361294035585,1.0026019100214134
-14.218537698314663,11.999095375461707,1.0026019100214134,1.0461646096066226
-14.343537698314663,11.999095375461707,1.0436361294035585,1.0206906325745548
-14.406037698314663,12.061595375461707,1.0026019100214134,1.0625
-14.531037698314663,12.061595375461707,1.0322063340164078,1.0219744577357401
-14.593537698314663,12.124095375461707,0.9856080405005891,1.0625
-14.781037698314663,12.124095375461707,1.0436361294035585,1.0206906325745548
-14.843537698314663,12.186595375461707,1.0026019100214134,1.0625
-14.968537698314663,12.186595375461707,1.0322063340164078,1.0219744577357401
-15.031037698314663,12.249095375461707,0.9856080405005891,1.0625
-15.218537698314663,12.249095375461707,1.0436361294035585,1.0026019100214134
-15.281037698314663,12.311595375461707,1.0026019100214134,1.0461646096066226
-15.406037698314663,12.311595375461707,1.0322063340164078,1.0206906325745548
-15.468537698314663,12.374095375461707,0.9856080405005891,1.0625
-15.656037698314663,12.374095375461707,1.0436361294035585,1.0026019100214134
-15.718537698314663,12.436595375461707,1.0026019100214134,1.0461646096066226
-15.843537698314663,12.436595375461707,1.0436361294035585,1.0206906325745548
-15.906037698314663,12.499095375461707,1.0026019100214134,1.0625
-16.031037698314663,12.499095375461707,1.0322063340164078,1.0219744577357401
-16.093537698314663,12.561595375461707,0.9856080405005891,1.0625
-16.281037698314663,12.561595375461707,1.0436361294035585,1.0026019100214134
-16.343537698314663,12.624095375461707,1.0026019100214134,1.0461646096066226
-16.468537698314663,12.624095375461707,1.0322063340164078,1.0206906325745548
-16.531037698314663,12.686595375461707,0.9856080405005891,1.0625
-16.718537698314663,12.686595375461707,1.0436361294035585,1.0026019100214134
-16.781037698314663,12.749095375461707,1.0026019100214134,1.0461646096066226
-16.906037698314663,12.749095375461707,1.0436361294035585,1.0206906325745548
-16.968537698314663,12.811595375461707,1.0026019100214134,1.0625
-17.093537698314663,12.811595375461707,1.0322063340164078,1.0219744577357401
-17.156037698314663,12.874095375461707,0.9856080405005891,1.0625
-17.343537698314663,12.874095375461707,1.0436361294035585,1.0206906325745548
-17.406037698314663,12.936595375461707,1.0026019100214134,1.0625
-17.531037698314663,12.936595375461707,1.0322063340164078,1.0219744577357401
-17.593537698314663,12.999095375461707,0.9856080405005891,1.0625
-17.781037698314663,12.999095375461707,1.0436361294035585,1.0026019100214134
-17.843537698314663,13.061595375461707,1.0026019100214134,1.0461646096066226
-17.968537698314663,13.061595375461707,1.0436361294035585,1.0206906325745548
-18.031037698314663,13.124095375461707,1.0026019100214134,1.0625
-18.156037698314663,13.124095375461707,1.0322063340164078,1.0219744577357401
-18.218537698314663,13.186595375461707,0.9856080405005891,1.0625
-18.406037698314663,13.186595375461707,1.0436361294035585,1.0206906325745548
-18.468537698314663,13.249095375461707,1.0026019100214134,1.0625
-18.593537698314663,13.249095375461707,1.0322063340164078,1.0219744577357401
-18.656037698314663,13.311595375461707,0.9856080405005891,1.0625
-18.843537698314663,13.311595375461707,1.0436361294035585,1.0026019100214134
-18.906037698314663,13.374095375461707,1.0026019100214134,1.0461646096066226
-19.031037698314663,13.374095375461707,1.0322063340164078,1.0206906325745548
-19.093537698314663,13.436595375461707,0.9856080405005891,1.0625
-19.281037698314663,13.436595375461707,1.0436361294035585,1.0026019100214134
-19.343537698314663,13.499095375461707,1.0026019100214134,1.0461646096066226
-19.468537698314663,13.499095375461707,1.0436361294035585,1.0206906325745548
-19.531037698314663,13.561595375461707,1.0026019100214134,1.0625
-19.656037698314663,13.561595375461707,1.0322063340164078,1.0219744577357401
-19.718537698314663,13.624095375461707,0.9856080405005891,1.0625
-19.906037698314663,13.624095375461707,1.0436361294035585,1.0026019100214134
-19.968537698314663,13.686595375461707,1.0026019100214134,1.0461646096066226
-20.093537698314663,13.686595375461707,1.0322063340164078,1.0206906325745548
-20.156037698314663,13.749095375461707,0.9856080405005891,1.0625
-20.343537698314663,13.749095375461707,1.0436361294035585,1.0026019100214134
-20.406037698314663,13.811595375461707,1.0026019100214134,1.0461646096066226
-20.531037698314663,13.811595375461707,1.0436361294035585,1.0206906325745548
-20.593537698314663,13.874095375461707,1.0026019100214134,1.0625
-20.718537698314663,13.874095375461707,1.0322063340164078,1.0219744577357401
-20.781037698314663,13.936595375461707,0.9856080405005891,1.0625
-20.968537698314663,13.936595375461707,1.0436361294035585,1.0206906325745548
-21.031037698314663,13.999095375461707,1.0026019100214134,1.0625
-21.156037698314663,13.999095375461707,1.0322063340164078,1.0219744577357401
-21.218537698314663,14.061595375461707,0.9856080405005891,1.0625
-21.406037698314663,14.061595375461707,1.0436361294035585,1.0026019100214134
-21.468537698314663,14.124095375461707,1.0026019100214134,1.0461646096066226
-21.593537698314663,14.124095375461707,1.0322063340164078,1.0206906325745548
-21.656037698314663,14.186595375461707,0.9856080405005891,1.0625
-21.843537698314663,14.186595375461707,1.0436361294035585,1.0026019100214134
-21.906037698314663,14.249095375461707,1.0026019100214134,1.0461646096066226
-22.031037698314663,14.249095375461707,1.0436361294035585,1.0206906325745548
-22.093537698314663,14.311595375461707,1.0026019100214134,1.0625
-22.218537698314663,14.311595375461707,1.0322063340164078,1.0219744577357401
-22.281037698314663,14.374095375461707,0.9856080405005891,1.0625
-22.468537698314663,14.374095375461707,1.0436361294035585,1.0026019100214134
-22.531037698314663,14.436595375461707,1.0026019100214134,1.0436361294035585
-22.656037698314663,14.436595375461707,1.0436361294035585,1.0026019100214134
-22.718537698314663,14.499095375461707,1.0103807466993215,1.0372967345311055
-22.781037698314663,14.499095375461707,1.0372967345311055,1.0103807466993215
-22.843537698314663,14.561595375461707,1.0026019100214134,1.0436361294035585
-22.968537698314663,14.561595375461707,1.0436361294035585,1.0026019100214134
-23.031037698314663,14.624095375461707,1.0103807466993215,1.0372967345311055
-23.093537698314663,14.624095375461707,1.0372967345311055,1.0103807466993215
-23.156037698314663,14.686595375461707,1.0103807466993215,1.0372967345311055
-23.218537698314663,14.686595375461707,1.0372967345311055,1.0103807466993215
-23.281037698314663,14.749095375461707,1.0103807466993215,1.0372967345311055
-23.343537698314663,14.749095375461707,1.0372967345311055,1.0103807466993215
-23.406037698314663,14.811595375461707,1.0103807466993215,1.0372967345311055
-23.468537698314663,14.811595375461707,1.0372967345311055,1.0103807466993215
-23.531037698314663,14.874095375461707,1.0103807466993215,1.0372967345311055
-23.593537698314663,14.874095375461707,1.0372967345311055,1.0103807466993215
-23.656037698314663,14.936595375461707,1.0103807466993215,1.0372967345311055
-23.718537698314663,14.936595375461707,1.0372967345311055,1.0103807466993215
-23.843537698314663,15.061595375461707,0.9908575552345704,1.0625
-23.906037698314663,15.061595375461707,1.0258194519667128,1.0258194519667128
-23.968537698314663,15.124095375461707,1.0103807466993215,1.0436361294035585
-24.031037698314663,15.124095375461707,1.0372967345311055,1.011673327805978
-24.156037698314663,15.249095375461707,0.9908575552345704,1.0625
-24.218537698314663,15.249095375461707,1.0258194519667128,1.0258194519667128
-24.281037698314663,15.311595375461707,1.0103807466993215,1.0436361294035585
-24.343537698314663,15.311595375461707,1.0372967345311055,1.011673327805978
-24.468537698314663,15.436595375461707,0.9908575552345704,1.0625
-24.531037698314663,15.436595375461707,1.0258194519667128,1.0258194519667128
-24.656037698314663,15.561595375461707,0.9908575552345704,1.0625
-24.718537698314663,15.561595375461707,1.0258194519667128,1.0258194519667128
-24.781037698314663,15.624095375461707,1.0103807466993215,1.0436361294035585
-24.843537698314663,15.624095375461707,1.0372967345311055,1.011673327805978
-24.968537698314663,15.749095375461707,0.9908575552345704,1.0625
-25.031037698314663,15.749095375461707,1.0258194519667128,1.0258194519667128
-25.156037698314663,15.874095375461707,0.9908575552345704,1.0625
-25.218537698314663,15.874095375461707,1.0258194519667128,1.0258194519667128
-25.343537698314663,15.999095375461707,1.005199322349037,1.0625
-25.406037698314663,15.999095375461707,1.0436361294035585,1.0258194519667128
-25.593537698314663,16.186595375461707,0.9908575552345704,1.0625
-25.656037698314663,16.186595375461707,1.0258194519667128,1.0258194519667128
-25.781037698314663,16.311595375461707,0.9908575552345704,1.0625
-25.843537698314663,16.311595375461707,1.0258194519667128,1.0258194519667128
-26.031037698314663,16.499095375461707,0.9908575552345704,1.0625
-26.093537698314663,16.499095375461707,1.0258194519667128,1.0258194519667128
-26.218537698314663,16.624095375461707,0.9908575552345704,1.0625
-26.281037698314663,16.624095375461707,1.0258194519667128,1.0258194519667128
-26.468537698314663,16.811595375461707,0.9908575552345704,1.0625
-26.531037698314663,16.811595375461707,1.0258194519667128,1.0258194519667128
-26.718537698314663,16.999095375461707,0.9908575552345704,1.0625
-26.781037698314663,16.999095375461707,1.0258194519667128,1.0258194519667128
-26.968537698314663,17.186595375461707,0.9908575552345704,1.0625
-27.031037698314663,17.186595375461707,1.0258194519667128,1.0258194519667128
-27.218537698314663,17.374095375461707,0.9908575552345704,1.0625
-27.281037698314663,17.374095375461707,1.0258194519667128,1.0258194519667128
-27.468537698314663,17.561595375461707,0.9908575552345704,1.0625
-27.531037698314663,17.561595375461707,1.0258194519667128,1.0258194519667128
-27.718537698314663,17.749095375461707,0.9908575552345704,1.0625
-27.781037698314663,17.749095375461707,1.0258194519667128,1.0258194519667128
-28.031037698314663,17.999095375461707,0.9908575552345704,1.0625
-28.093537698314663,17.999095375461707,1.0258194519667128,1.0258194519667128
-28.281037698314663,18.186595375461707,0.9908575552345704,1.0625
-28.343537698314663,18.186595375461707,1.0258194519667128,1.0258194519667128
-28.593537698314663,18.436595375461707,0.9908575552345704,1.0625
-28.656037698314663,18.436595375461707,1.0258194519667128,1.0258194519667128
-28.906037698314663,18.686595375461707,0.9908575552345704,1.0625
-28.968537698314663,18.686595375461707,1.0258194519667128,1.0258194519667128
-29.218537698314663,18.936595375461707,0.9908575552345704,1.0625
-29.281037698314663,18.936595375461707,1.0258194519667128,1.0258194519667128
-29.531037698314663,19.186595375461707,0.9908575552345704,1.0625
-29.593537698314663,19.186595375461707,1.0258194519667128,1.0258194519667128
-29.906037698314663,19.499095375461707,0.9908575552345704,1.0625
-29.968537698314663,19.499095375461707,1.0258194519667128,1.0258194519667128
-30.218537698314663,19.749095375461707,1.0026019100214134,1.0625
-30.281037698314663,19.749095375461707,1.0436361294035585,1.0258194519667128
-30.656037698314663,20.124095375461707,0.9908575552345704,1.0625
-30.718537698314663,20.124095375461707,1.0258194519667128,1.0258194519667128
-31.093537698314663,20.499095375461707,0.9908575552345704,1.0625
-31.156037698314663,20.499095375461707,1.0258194519667128,1.0258194519667128
-31.531037698314663,20.874095375461707,1.0026019100214134,1.0625
-31.593537698314663,20.874095375461707,1.0467960838455728,1.0258194519667128
-32.03103769831466,21.311595375461707,1.0026019100214134,1.0625
-32.09353769831466,21.311595375461707,1.0467960838455728,1.0258194519667128
-32.65603769831466,21.874095375461707,1.0026019100214134,1.0625
-32.71853769831466,21.874095375461707,1.0467960838455728,1.0258194519667128
-33.21853769831466,22.374095375461707,1.0026019100214134,1.0625
-33.28103769831466,22.374095375461707,1.0467960838455728,1.0258194519667128
-33.84353769831466,22.936595375461707,1.0026019100214134,1.0625
-33.90603769831466,22.936595375461707,1.0467960838455728,1.0258194519667128
-34.53103769831466,23.561595375461707,1.0026019100214134,1.0625
-34.59353769831466,23.561595375461707,1.0467960838455728,1.0258194519667128
-35.21853769831466,24.186595375461707,1.0026019100214134,1.0625
-35.28103769831466,24.186595375461707,1.0467960838455728,1.0258194519667128
-35.96853769831466,24.874095375461707,1.0026019100214134,1.0625
-36.03103769831466,24.874095375461707,1.0467960838455728,1.0258194519667128
-36.65603769831466,25.499095375461707,1.0026019100214134,1.0625
-36.71853769831466,25.499095375461707,1.0467960838455728,1.0258194519667128
-37.21853769831466,25.999095375461707,0.9908575552345704,1.0625
-37.28103769831466,25.999095375461707,1.0258194519667128,1.0258194519667128
-37.34353769831466,26.061595375461707,1.0103807466993215,1.0436361294035585
-37.40603769831466,26.061595375461707,1.0372967345311055,1.011673327805978
-37.46853769831466,26.124095375461707,1.011673327805978,1.0372967345311055
-37.53103769831466,26.124095375461707,1.0436361294035585,1.0103807466993215
-37.65603769831466,26.249095375461707,1.0103807466993215,1.0662455107677085
-37.78103769831466,26.249095375461707,1.0625,1.0103807466993215
-37.84353769831466,26.311595375461707,1.0219744577357401,1.0436361294035585
-37.90603769831466,26.311595375461707,1.0436361294035585,1.0219744577357401
-37.96853769831466,26.374095375461707,1.0026019100214134,1.0625
-38.15603769831466,26.374095375461707,1.0461646096066226,1.0206906325745548
-38.21853769831466,26.436595375461707,1.0026019100214134,1.0625
-38.40603769831466,26.436595375461707,1.0322063340164078,1.0206906325745548
-38.46853769831466,26.499095375461707,0.9856080405005891,1.0737097890017715
